sr.no,customer_number,region,shipping_cond,country,market,date,nsv,volume_in_kg,gm,contract_price_kg_eur,target_price_kg_eur,gross_sales,rebates,currency,ex_rate,customer_name,business_cell,product_line,customer_group,product_line_2,product_group,product_number,incot,rsm_region,churn_proba
1,4031,America 2,100,Canada,Trucks,13-07-2016,5086.541004,808.4711852,1820.263391,9.893584828,NA,4984.875827,0,USD,1.10675,Kunde Group,Automotive,Leucodontaceae,#992,1,Gyps ben,706710,UIK,America 2_1,0.373757809
2,4031,America 2,100,Canada,Trucks,21-07-2016,1940.504199,345.6656881,-246.069373,8.952702718,NA,2020.090836,0,USD,1.10675,Kunde Group,Automotive,Leucodontaceae,#992,1,Lutra ca,431375,UIK,America 2_1,NA
3,4128,America 2,400,USA,Trucks,03-06-2016,0,32.73705897,-91.78664028,11.81573146,NA,209.0244463,0,USD,1.10675,"Quigley, Steuber and Harber",Automotive,Leucodontaceae,#3e5,1,Tamandua,262776,BJO,America 2_1,NA
4,4185,America,400,USA,Airplane,13-01-2016,976.4207179,4.58595474,759.5754198,369.8629552,315.7405617,978.2377429,0,USD,1.10675,"Tillman, Hamill and Ankunding",Air,Uncertain Ascomycota Family,#947,2,Mungos m,714093,RZS,America_2,0.385591477
5,4185,America,400,USA,Airplane,15-02-2016,686.4586466,2.89259769,491.9455899,401.7020158,351.7762496,688.2099822,0,USD,1.10675,"Tillman, Hamill and Ankunding",Air,Uncertain Ascomycota Family,#947,2,Mungos m,714093,RZS,America_2,0.385591477
6,4185,America,400,USA,Airplane,14-03-2016,1203.585373,5.33396686,867.9027908,403.047261,320.3437412,1153.685247,0,USD,1.10675,"Tillman, Hamill and Ankunding",Air,Uncertain Ascomycota Family,#947,2,Mungos m,714093,RZS,America_2,0.385591477
7,4185,America,400,USA,Airplane,05-04-2016,537.0477083,2.206285441,486.4233245,407.9611597,349.500326,508.7270646,0,USD,1.10675,"Tillman, Hamill and Ankunding",Air,Uncertain Ascomycota Family,#947,2,Mungos m,714093,RZS,America_2,0.385591477
8,4185,America,400,USA,Airplane,10-05-2016,1355.977525,5.612095953,1003.562481,400.8353598,343.9852482,1343.872503,0,USD,1.10675,"Tillman, Hamill and Ankunding",Air,Uncertain Ascomycota Family,#947,2,Mungos m,714093,RZS,America_2,0.385591477
9,4185,America,400,USA,Airplane,07-06-2016,1039.760209,4.243516012,1062.158127,375.6518793,330.0148396,1094.472746,0,USD,1.10675,"Tillman, Hamill and Ankunding",Air,Uncertain Ascomycota Family,#947,2,Mungos m,714093,RZS,America_2,0.385591477
10,4185,America,400,USA,Airplane,21-07-2016,1651.882976,6.907783278,1225.790595,368.5194223,326.7903675,1680.627974,0,USD,1.10675,"Tillman, Hamill and Ankunding",Air,Uncertain Ascomycota Family,#947,2,Mungos m,714093,RZS,America_2,0.385591477
11,4185,America,400,USA,Airplane,13-01-2016,174.9799241,0.724393565,132.6961932,385.0697269,314.9457016,177.8235741,0,USD,1.10675,"Tillman, Hamill and Ankunding",Air,Uncertain Ascomycota Family,#947,2,Vulpes c,832054,RZS,America_2,NA
12,4185,America,400,USA,Airplane,15-02-2016,180.5183166,0.720490653,131.3444575,377.5607399,316.5843744,175.8652009,0,USD,1.10675,"Tillman, Hamill and Ankunding",Air,Uncertain Ascomycota Family,#947,2,Vulpes c,832054,RZS,America_2,NA
13,4185,America,400,USA,Airplane,14-03-2016,167.5577003,0.692445283,122.8165193,387.5147333,352.0708439,165.6883591,0,USD,1.10675,"Tillman, Hamill and Ankunding",Air,Uncertain Ascomycota Family,#947,2,Vulpes c,832054,RZS,America_2,NA
14,4185,America,400,USA,Airplane,05-04-2016,170.1018354,0.73232137,171.0976256,376.8244057,336.3621406,171.2017261,0,USD,1.10675,"Tillman, Hamill and Ankunding",Air,Uncertain Ascomycota Family,#947,2,Vulpes c,832054,RZS,America_2,NA
15,4185,America,400,USA,Airplane,10-05-2016,177.9423001,0.736902009,124.9586379,368.5799191,336.8462793,164.5611634,0,USD,1.10675,"Tillman, Hamill and Ankunding",Air,Uncertain Ascomycota Family,#947,2,Vulpes c,832054,RZS,America_2,NA
16,4185,America,400,USA,Airplane,07-06-2016,351.8561032,1.465234339,361.5401408,377.3666859,339.9499871,353.4973321,0,USD,1.10675,"Tillman, Hamill and Ankunding",Air,Uncertain Ascomycota Family,#947,2,Vulpes c,832054,RZS,America_2,NA
17,4185,America,400,USA,Airplane,21-07-2016,331.853055,1.414419365,247.1349143,389.2509132,335.9002261,359.2200017,0,USD,1.10675,"Tillman, Hamill and Ankunding",Air,Uncertain Ascomycota Family,#947,2,Vulpes c,832054,RZS,America_2,NA
18,4185,America,400,USA,Airplane,13-01-2016,169.2196552,0.68423265,123.3298265,380.2550525,343.606997,175.8519486,0,USD,1.10675,"Tillman, Hamill and Ankunding",Air,Uncertain Ascomycota Family,#947,2,Hystrix ,453795,RZS,America_2,0.414567977
19,4185,America,400,USA,Airplane,15-02-2016,169.2616561,0.683801183,130.4822539,374.6187108,332.2248399,170.3288272,0,USD,1.10675,"Tillman, Hamill and Ankunding",Air,Uncertain Ascomycota Family,#947,2,Hystrix ,453795,RZS,America_2,0.414567977
20,4185,America,400,USA,Airplane,14-03-2016,176.3860968,0.691459763,122.2677033,363.8362182,342.8797638,163.1200507,0,USD,1.10675,"Tillman, Hamill and Ankunding",Air,Uncertain Ascomycota Family,#947,2,Hystrix ,453795,RZS,America_2,0.414567977
21,4185,America,400,USA,Airplane,05-04-2016,173.059229,0.695511313,176.8034722,397.8494749,311.6520789,181.5789744,0,USD,1.10675,"Tillman, Hamill and Ankunding",Air,Uncertain Ascomycota Family,#947,2,Hystrix ,453795,RZS,America_2,0.414567977
22,4185,America,400,USA,Airplane,10-05-2016,176.8278716,0.682247173,124.9674291,363.1351008,332.5747432,161.7259973,0,USD,1.10675,"Tillman, Hamill and Ankunding",Air,Uncertain Ascomycota Family,#947,2,Hystrix ,453795,RZS,America_2,0.414567977
23,4185,America,400,USA,Airplane,07-06-2016,346.2277551,1.497891316,351.2417788,367.6659089,322.6662974,363.4148261,0,USD,1.10675,"Tillman, Hamill and Ankunding",Air,Uncertain Ascomycota Family,#947,2,Hystrix ,453795,RZS,America_2,0.414567977
24,4185,America,400,USA,Airplane,13-01-2016,177.6498659,0.728200258,134.8111547,398.4678395,313.8466886,174.4278097,0,USD,1.10675,"Tillman, Hamill and Ankunding",Air,Uncertain Ascomycota Family,#947,2,Coendou ,537061,RZS,America_2,NA
25,4185,America,400,USA,Airplane,15-02-2016,170.5673048,0.744605012,123.8824506,377.9838703,342.0226962,181.4849999,0,USD,1.10675,"Tillman, Hamill and Ankunding",Air,Uncertain Ascomycota Family,#947,2,Coendou ,537061,RZS,America_2,NA
26,4185,America,400,USA,Airplane,14-03-2016,165.2117057,0.706507738,132.4288455,386.2596836,337.1630208,176.8166119,0,USD,1.10675,"Tillman, Hamill and Ankunding",Air,Uncertain Ascomycota Family,#947,2,Coendou ,537061,RZS,America_2,NA
27,4185,America,400,USA,Airplane,05-04-2016,178.1092155,0.675545519,173.2099729,399.3952882,313.2563037,165.6339331,0,USD,1.10675,"Tillman, Hamill and Ankunding",Air,Uncertain Ascomycota Family,#947,2,Coendou ,537061,RZS,America_2,NA
28,4185,America,400,USA,Airplane,10-05-2016,180.5137525,0.74830556,120.9594953,364.2647205,351.5649512,177.4101539,0,USD,1.10675,"Tillman, Hamill and Ankunding",Air,Uncertain Ascomycota Family,#947,2,Coendou ,537061,RZS,America_2,NA
29,4185,America,400,USA,Airplane,07-06-2016,346.6906935,1.350212261,361.2886356,373.4121391,349.1731938,324.6670354,0,USD,1.10675,"Tillman, Hamill and Ankunding",Air,Uncertain Ascomycota Family,#947,2,Coendou ,537061,RZS,America_2,NA
30,4185,America,400,USA,Airplane,21-07-2016,335.0021176,1.386124233,243.9055261,364.81338,324.4496234,333.0729855,0,USD,1.10675,"Tillman, Hamill and Ankunding",Air,Uncertain Ascomycota Family,#947,2,Coendou ,537061,RZS,America_2,NA
31,4185,America,400,USA,Airplane,13-01-2016,393.2802807,0.720009544,352.1340921,391.4895905,332.4497578,173.3921172,0,USD,1.10675,"Tillman, Hamill and Ankunding",Air,Uncertain Ascomycota Family,#947,2,Pituophi,188966,RZS,America_2,0.38216725
32,4185,America,400,USA,Airplane,15-02-2016,414.9858759,0.7041153,342.60398,370.2287506,325.8500988,175.5897192,0,USD,1.10675,"Tillman, Hamill and Ankunding",Air,Uncertain Ascomycota Family,#947,2,Pituophi,188966,RZS,America_2,0.38216725
33,4185,America,400,USA,Airplane,14-03-2016,386.4381984,0.706210516,328.0074304,401.4293441,320.0230492,161.6912215,0,USD,1.10675,"Tillman, Hamill and Ankunding",Air,Uncertain Ascomycota Family,#947,2,Pituophi,188966,RZS,America_2,0.38216725
34,4185,America,400,USA,Airplane,05-04-2016,419.579847,0.724093854,396.4436071,402.8315506,340.060738,161.6756839,0,USD,1.10675,"Tillman, Hamill and Ankunding",Air,Uncertain Ascomycota Family,#947,2,Pituophi,188966,RZS,America_2,0.38216725
35,4185,America,400,USA,Airplane,13-01-2016,176.4934239,0.678644102,130.6731108,385.816539,335.3155278,162.3230478,0,USD,1.10675,"Tillman, Hamill and Ankunding",Air,Uncertain Ascomycota Family,#947,2,Plectopt,538454,RZS,America_2,NA
36,4185,America,400,USA,Airplane,15-02-2016,180.6752714,0.714946252,125.7889345,361.8953075,333.9195184,170.0170082,0,USD,1.10675,"Tillman, Hamill and Ankunding",Air,Uncertain Ascomycota Family,#947,2,Plectopt,538454,RZS,America_2,NA
37,4185,America,400,USA,Airplane,14-03-2016,165.4052504,0.737188243,132.0358673,369.1948707,351.7426052,172.1391253,0,USD,1.10675,"Tillman, Hamill and Ankunding",Air,Uncertain Ascomycota Family,#947,2,Plectopt,538454,RZS,America_2,NA
38,4185,America,400,USA,Airplane,05-04-2016,175.0745614,0.749146618,178.1075443,395.7280319,350.0704379,164.1859456,0,USD,1.10675,"Tillman, Hamill and Ankunding",Air,Uncertain Ascomycota Family,#947,2,Plectopt,538454,RZS,America_2,NA
39,4185,America,400,USA,Airplane,10-05-2016,182.8312532,0.729610804,122.4026053,389.3939888,347.2117982,165.4302306,0,USD,1.10675,"Tillman, Hamill and Ankunding",Air,Uncertain Ascomycota Family,#947,2,Plectopt,538454,RZS,America_2,NA
40,4185,America,400,USA,Airplane,07-06-2016,328.6518022,1.525939528,340.0949755,368.1671394,324.6755182,364.797167,0,USD,1.10675,"Tillman, Hamill and Ankunding",Air,Uncertain Ascomycota Family,#947,2,Plectopt,538454,RZS,America_2,NA
41,4185,America,400,USA,Airplane,21-07-2016,337.2822102,1.505537793,260.2973442,369.9748138,327.2754571,323.5645023,0,USD,1.10675,"Tillman, Hamill and Ankunding",Air,Uncertain Ascomycota Family,#947,2,Plectopt,538454,RZS,America_2,NA
42,4185,America,400,USA,Airplane,13-01-2016,180.1512361,0.718402636,134.6109466,375.0992913,318.9765092,168.6910774,0,USD,1.10675,"Tillman, Hamill and Ankunding",Air,Uncertain Ascomycota Family,#947,2,Phasianu,801943,RZS,America_2,0.439613134
43,4185,America,400,USA,Airplane,10-05-2016,178.2660585,0.744671594,128.4176791,388.3351565,320.8320846,180.5592859,0,USD,1.10675,"Tillman, Hamill and Ankunding",Air,Uncertain Ascomycota Family,#947,2,Phasianu,801943,RZS,America_2,0.439613134
44,4185,America,400,USA,Airplane,07-06-2016,358.6736142,1.517463059,338.2222003,384.6405101,321.6785421,350.9785954,0,USD,1.10675,"Tillman, Hamill and Ankunding",Air,Uncertain Ascomycota Family,#947,2,Phasianu,801943,RZS,America_2,0.439613134
45,4185,America,400,USA,Airplane,05-01-2016,327.2122375,1.43573582,219.4092518,343.0139796,313.9867527,327.3372154,0,USD,1.10675,"Tillman, Hamill and Ankunding",Air,Uncertain Ascomycota Family,#947,2,Varanus ,214620,RZS,America_2,0.197286412
46,4185,America,400,USA,Airplane,10-02-2016,322.685941,1.515041397,244.5909996,363.6897531,316.0599879,305.7462466,0,USD,1.10675,"Tillman, Hamill and Ankunding",Air,Uncertain Ascomycota Family,#947,2,Varanus ,214620,RZS,America_2,0.197286412
47,4185,America,400,USA,Airplane,09-03-2016,334.3608767,1.415737671,218.2955367,359.4968068,300.1763778,342.8783366,0,USD,1.10675,"Tillman, Hamill and Ankunding",Air,Uncertain Ascomycota Family,#947,2,Varanus ,214620,RZS,America_2,0.197286412
48,4185,America,400,USA,Airplane,04-05-2016,338.5550874,1.426818474,232.7270197,360.4559105,299.7901293,331.0072656,0,USD,1.10675,"Tillman, Hamill and Ankunding",Air,Uncertain Ascomycota Family,#947,2,Varanus ,214620,RZS,America_2,0.197286412
49,4185,America,400,USA,Airplane,08-06-2016,622.4749744,2.91171714,613.2823177,361.7825526,309.5178929,641.5058243,0,USD,1.10675,"Tillman, Hamill and Ankunding",Air,Uncertain Ascomycota Family,#947,2,Varanus ,214620,RZS,America_2,0.197286412
50,4185,America,400,USA,Airplane,08-02-2016,157.6250643,0.684926091,110.0935281,352.0653708,322.6411761,158.8256254,0,USD,1.10675,"Tillman, Hamill and Ankunding",Air,Uncertain Ascomycota Family,#947,2,Ara maca,832130,RZS,America_2,0.132465497
51,4185,America,400,USA,Airplane,20-01-2016,158.0983976,0.738850736,117.1998902,374.5548898,309.2128491,163.7243851,0,USD,1.10675,"Tillman, Hamill and Ankunding",Air,Uncertain Ascomycota Family,#947,2,Ara maca,288871,RZS,America_2,0.132465497
52,4185,America,400,USA,Airplane,24-02-2016,310.8726609,1.497451236,232.2027315,378.6502393,300.7798443,329.6325928,0,USD,1.10675,"Tillman, Hamill and Ankunding",Air,Uncertain Ascomycota Family,#947,2,Ara maca,288871,RZS,America_2,0.132465497
53,4185,America,400,USA,Airplane,20-01-2016,156.183668,0.742760966,114.8154405,342.5313098,331.5798086,167.9744164,0,USD,1.10675,"Tillman, Hamill and Ankunding",Air,Uncertain Ascomycota Family,#947,2,Ara maca,183736,RZS,America_2,0.132465497
54,4185,America,400,USA,Airplane,19-01-2016,941.8653198,4.578708339,660.839055,373.8783502,310.4568535,981.1304617,0,USD,1.10675,"Tillman, Hamill and Ankunding",Air,Uncertain Ascomycota Family,#947,2,Ara maca,183736,RZS,America_2,0.132465497
55,4185,America,400,USA,Airplane,16-02-2016,980.1988151,4.207990185,697.636769,368.337479,326.7393109,972.0956842,0,USD,1.10675,"Tillman, Hamill and Ankunding",Air,Uncertain Ascomycota Family,#947,2,Ara maca,183736,RZS,America_2,0.132465497
56,4185,America,400,USA,Airplane,09-03-2016,939.2612506,4.511542095,734.8663963,353.3939102,304.9684829,955.401479,0,USD,1.10675,"Tillman, Hamill and Ankunding",Air,Uncertain Ascomycota Family,#947,2,Ara maca,183736,RZS,America_2,0.132465497
57,4185,America,400,USA,Airplane,12-04-2016,923.5244901,4.096301931,961.6244651,382.9702689,304.7184519,939.9723102,0,USD,1.10675,"Tillman, Hamill and Ankunding",Air,Uncertain Ascomycota Family,#947,2,Ara maca,183736,RZS,America_2,0.132465497
58,4185,America,400,USA,Airplane,11-05-2016,936.416259,4.346627946,704.112324,357.8201651,308.5133588,920.8628547,0,USD,1.10675,"Tillman, Hamill and Ankunding",Air,Uncertain Ascomycota Family,#947,2,Ara maca,183736,RZS,America_2,0.132465497
59,4185,America,400,USA,Airplane,08-06-2016,1307.936556,6.061860793,1215.86386,383.5914468,298.3079095,1361.509509,0,USD,1.10675,"Tillman, Hamill and Ankunding",Air,Uncertain Ascomycota Family,#947,2,Ara maca,183736,RZS,America_2,0.132465497
60,4185,America,400,USA,Airplane,15-07-2016,1245.562133,5.679646388,945.3915723,345.9159565,324.9252807,1241.834592,0,USD,1.10675,"Tillman, Hamill and Ankunding",Air,Uncertain Ascomycota Family,#947,2,Ara maca,183736,RZS,America_2,0.132465497
61,4185,America,400,USA,Airplane,20-01-2016,160.7871268,0.757361899,110.4680104,353.6530879,314.7599136,152.0206703,0,USD,1.10675,"Tillman, Hamill and Ankunding",Air,Uncertain Ascomycota Family,#947,2,Ara maca,226386,RZS,America_2,0.132465497
62,4185,America,400,USA,Airplane,08-02-2016,164.4899731,0.700861919,115.2080518,349.2369992,300.3636777,158.2368023,0,USD,1.10675,"Tillman, Hamill and Ankunding",Air,Uncertain Ascomycota Family,#947,2,Ara maca,226386,RZS,America_2,0.132465497
63,4185,America,400,USA,Airplane,24-02-2016,170.8189707,0.735636354,110.834411,347.6595499,325.0492324,156.0340849,0,USD,1.10675,"Tillman, Hamill and Ankunding",Air,Uncertain Ascomycota Family,#947,2,Ara maca,226386,RZS,America_2,0.132465497
64,4185,America,400,USA,Airplane,19-01-2016,1216.975104,4.446479097,957.8819719,348.2431162,332.3303429,948.3964351,0,USD,1.10675,"Tillman, Hamill and Ankunding",Air,Uncertain Ascomycota Family,#947,2,Ara maca,226386,RZS,America_2,0.132465497
65,4185,America,400,USA,Airplane,16-02-2016,1182.555832,4.288596142,959.2621297,359.1277323,335.0641174,983.1762042,0,USD,1.10675,"Tillman, Hamill and Ankunding",Air,Uncertain Ascomycota Family,#947,2,Ara maca,226386,RZS,America_2,0.132465497
66,4185,America,400,USA,Airplane,09-03-2016,1169.55105,4.508100602,894.1278043,342.2831835,321.5288887,912.2211058,0,USD,1.10675,"Tillman, Hamill and Ankunding",Air,Uncertain Ascomycota Family,#947,2,Ara maca,226386,RZS,America_2,0.132465497
67,4185,America,400,USA,Airplane,12-04-2016,1187.28154,4.347520551,1138.565182,340.196421,312.8771149,973.9391806,0,USD,1.10675,"Tillman, Hamill and Ankunding",Air,Uncertain Ascomycota Family,#947,2,Ara maca,226386,RZS,America_2,0.132465497
68,4185,America,400,USA,Airplane,11-05-2016,1185.7418,4.547751384,946.6388561,362.6102169,315.5099874,985.5393821,0,USD,1.10675,"Tillman, Hamill and Ankunding",Air,Uncertain Ascomycota Family,#947,2,Ara maca,226386,RZS,America_2,0.132465497
69,4185,America,400,USA,Airplane,08-06-2016,1468.593476,5.407829684,1510.30471,383.6566231,301.6602346,1259.050506,0,USD,1.10675,"Tillman, Hamill and Ankunding",Air,Uncertain Ascomycota Family,#947,2,Ara maca,226386,RZS,America_2,0.132465497
70,4185,America,400,USA,Airplane,15-07-2016,1553.780005,6.005764933,1170.681116,368.0117398,319.4583809,1277.128368,0,USD,1.10675,"Tillman, Hamill and Ankunding",Air,Uncertain Ascomycota Family,#947,2,Ara maca,226386,RZS,America_2,0.132465497
71,4185,America,400,USA,Airplane,20-01-2016,479.2441972,2.048187662,326.5530003,347.6319994,303.8173325,470.6090151,0,USD,1.10675,"Tillman, Hamill and Ankunding",Air,Uncertain Ascomycota Family,#947,2,Ara maca,359139,RZS,America_2,0.132465497
72,4185,America,400,USA,Airplane,08-02-2016,632.1671412,2.928380153,452.5952881,374.0638283,318.7682128,632.3621377,0,USD,1.10675,"Tillman, Hamill and Ankunding",Air,Uncertain Ascomycota Family,#947,2,Ara maca,359139,RZS,America_2,0.132465497
73,4185,America,400,USA,Airplane,24-02-2016,162.9850826,0.712955353,118.6201673,349.1978871,333.533483,158.6114312,0,USD,1.10675,"Tillman, Hamill and Ankunding",Air,Uncertain Ascomycota Family,#947,2,Ara maca,359139,RZS,America_2,0.132465497
74,4185,America,400,USA,Airplane,20-01-2016,170.9487115,0.711984365,109.6541682,375.3282247,310.5595064,161.678996,0,USD,1.10675,"Tillman, Hamill and Ankunding",Air,Uncertain Ascomycota Family,#947,2,Ara maca,370682,RZS,America_2,0.132465497
75,4185,America,400,USA,Airplane,08-02-2016,164.7863185,0.722442719,120.0894226,354.5883601,318.8300976,165.22259,0,USD,1.10675,"Tillman, Hamill and Ankunding",Air,Uncertain Ascomycota Family,#947,2,Ara maca,370682,RZS,America_2,0.132465497
76,4185,America,400,USA,Airplane,24-02-2016,164.0376469,0.683137008,113.6508645,352.7788666,305.7209962,168.9302618,0,USD,1.10675,"Tillman, Hamill and Ankunding",Air,Uncertain Ascomycota Family,#947,2,Ara maca,370682,RZS,America_2,0.132465497
77,4185,America,400,USA,Airplane,05-01-2016,337.4416499,1.446490154,227.1147266,351.9860151,305.8709836,318.1381275,0,USD,1.10675,"Tillman, Hamill and Ankunding",Air,Uncertain Ascomycota Family,#947,2,Ara maca,370682,RZS,America_2,0.132465497
78,4185,America,400,USA,Airplane,10-02-2016,334.1355715,1.37120322,225.1553384,348.2184064,322.1252322,309.3210819,0,USD,1.10675,"Tillman, Hamill and Ankunding",Air,Uncertain Ascomycota Family,#947,2,Ara maca,370682,RZS,America_2,0.132465497
79,4185,America,400,USA,Airplane,09-03-2016,336.5280142,1.462781066,226.7166193,371.1995808,313.3811468,342.4911861,0,USD,1.10675,"Tillman, Hamill and Ankunding",Air,Uncertain Ascomycota Family,#947,2,Ara maca,370682,RZS,America_2,0.132465497
80,4185,America,400,USA,Airplane,04-05-2016,306.5451851,1.480524592,237.2138059,347.4103348,301.4546732,310.6126802,0,USD,1.10675,"Tillman, Hamill and Ankunding",Air,Uncertain Ascomycota Family,#947,2,Ara maca,370682,RZS,America_2,0.132465497
81,4185,America,400,USA,Airplane,08-06-2016,642.8112783,2.899042148,654.7487374,359.434546,307.865254,652.5520072,0,USD,1.10675,"Tillman, Hamill and Ankunding",Air,Uncertain Ascomycota Family,#947,2,Ara maca,370682,RZS,America_2,0.132465497
82,4185,America,400,USA,Airplane,19-01-2016,981.1772914,4.399412937,652.8373686,338.9210695,310.0700415,1006.459942,0,USD,1.10675,"Tillman, Hamill and Ankunding",Air,Uncertain Ascomycota Family,#947,2,Ara maca,549912,RZS,America_2,0.132465497
83,4185,America,400,USA,Airplane,16-02-2016,1019.981952,4.075137145,652.909279,376.9687124,311.8360718,925.9186127,0,USD,1.10675,"Tillman, Hamill and Ankunding",Air,Uncertain Ascomycota Family,#947,2,Ara maca,549912,RZS,America_2,0.132465497
84,4185,America,400,USA,Airplane,09-03-2016,1027.626274,4.360484575,681.76908,382.6224368,313.964743,918.4143593,0,USD,1.10675,"Tillman, Hamill and Ankunding",Air,Uncertain Ascomycota Family,#947,2,Ara maca,549912,RZS,America_2,0.132465497
85,4185,America,400,USA,Airplane,12-04-2016,913.1444801,4.260773946,921.7186723,357.1135917,314.6025725,993.2494595,0,USD,1.10675,"Tillman, Hamill and Ankunding",Air,Uncertain Ascomycota Family,#947,2,Ara maca,549912,RZS,America_2,0.132465497
86,4185,America,400,USA,Airplane,11-05-2016,978.5774926,4.126492595,736.2129819,363.0299079,331.9883094,963.9711731,0,USD,1.10675,"Tillman, Hamill and Ankunding",Air,Uncertain Ascomycota Family,#947,2,Ara maca,549912,RZS,America_2,0.132465497
87,4185,America,400,USA,Airplane,08-06-2016,1329.861371,5.443403011,1356.231232,364.784435,297.6275399,1347.363892,0,USD,1.10675,"Tillman, Hamill and Ankunding",Air,Uncertain Ascomycota Family,#947,2,Ara maca,549912,RZS,America_2,0.132465497
88,4185,America,400,USA,Airplane,15-07-2016,1251.59237,5.627968413,922.9774192,349.4005909,320.5608987,1330.846544,0,USD,1.10675,"Tillman, Hamill and Ankunding",Air,Uncertain Ascomycota Family,#947,2,Ara maca,549912,RZS,America_2,0.132465497
89,4185,America,400,USA,Airplane,19-01-2016,944.9968241,4.095273401,719.1105168,374.8523037,328.1675956,924.6852048,0,USD,1.10675,"Tillman, Hamill and Ankunding",Air,Uncertain Ascomycota Family,#947,2,Ara maca,328801,RZS,America_2,0.132465497
90,4185,America,400,USA,Airplane,16-02-2016,997.4186232,4.495314586,715.1333185,350.3359067,335.1710225,1013.261089,0,USD,1.10675,"Tillman, Hamill and Ankunding",Air,Uncertain Ascomycota Family,#947,2,Ara maca,328801,RZS,America_2,0.132465497
91,4185,America,400,USA,Airplane,09-03-2016,1018.435267,4.09718607,673.602617,370.1570859,301.6098186,993.1806,0,USD,1.10675,"Tillman, Hamill and Ankunding",Air,Uncertain Ascomycota Family,#947,2,Ara maca,328801,RZS,America_2,0.132465497
92,4185,America,400,USA,Airplane,12-04-2016,933.9826229,4.505186115,945.8971479,358.7452308,299.4330935,981.2322052,0,USD,1.10675,"Tillman, Hamill and Ankunding",Air,Uncertain Ascomycota Family,#947,2,Ara maca,328801,RZS,America_2,0.132465497
93,4185,America,400,USA,Airplane,11-05-2016,951.9505523,4.14638428,680.3262048,343.892659,331.4680844,977.6500912,0,USD,1.10675,"Tillman, Hamill and Ankunding",Air,Uncertain Ascomycota Family,#947,2,Ara maca,328801,RZS,America_2,0.132465497
94,4185,America,400,USA,Airplane,08-06-2016,1283.825174,5.753570633,1250.209791,357.9374264,327.9830155,1265.345252,0,USD,1.10675,"Tillman, Hamill and Ankunding",Air,Uncertain Ascomycota Family,#947,2,Ara maca,328801,RZS,America_2,0.132465497
95,4185,America,400,USA,Airplane,15-07-2016,1357.82281,5.538975081,956.2693258,345.8015582,327.1092183,1364.618086,0,USD,1.10675,"Tillman, Hamill and Ankunding",Air,Uncertain Ascomycota Family,#947,2,Ara maca,328801,RZS,America_2,0.132465497
96,4185,America,400,USA,Airplane,24-02-2016,159.2877794,0.694241948,114.5477487,367.6516766,313.4146462,153.6933239,0,USD,1.10675,"Tillman, Hamill and Ankunding",Air,Uncertain Ascomycota Family,#947,2,Pytilia ,485628,RZS,America_2,0.088174321
97,4185,America,400,USA,Airplane,13-01-2016,172.6640132,0.760608387,132.5080886,377.4850497,334.5562817,166.8122804,0,USD,1.10675,"Tillman, Hamill and Ankunding",Air,Uncertain Ascomycota Family,#947,2,Phalarop,906557,RZS,America_2,NA
98,4185,America,400,USA,Airplane,15-02-2016,328.434298,1.437436953,251.6204473,376.3568352,316.3321944,345.917072,0,USD,1.10675,"Tillman, Hamill and Ankunding",Air,Uncertain Ascomycota Family,#947,2,Phalarop,906557,RZS,America_2,NA
99,4185,America,400,USA,Airplane,05-04-2016,324.3384376,1.428908263,335.5152615,386.3770989,330.5300786,324.2381186,0,USD,1.10675,"Tillman, Hamill and Ankunding",Air,Uncertain Ascomycota Family,#947,2,Phalarop,906557,RZS,America_2,NA
100,4185,America,400,USA,Airplane,10-05-2016,178.1416031,0.676551076,126.9330719,395.860326,337.363843,173.2947473,0,USD,1.10675,"Tillman, Hamill and Ankunding",Air,Uncertain Ascomycota Family,#947,2,Phalarop,906557,RZS,America_2,NA
101,4185,America,400,USA,Airplane,07-06-2016,337.1424224,1.360340868,336.3472088,370.0025135,340.4356869,356.8931955,0,USD,1.10675,"Tillman, Hamill and Ankunding",Air,Uncertain Ascomycota Family,#947,2,Phalarop,906557,RZS,America_2,NA
102,4185,America,400,USA,Airplane,13-01-2016,169.9078131,0.747849542,128.8315098,455.4692263,355.0821959,162.1651712,0,USD,1.10675,"Tillman, Hamill and Ankunding",Air,Uncertain Ascomycota Family,#947,2,Antidorc,964988,RZS,America_2,NA
103,4185,America,400,USA,Airplane,10-05-2016,162.4041121,0.7410342,124.018853,446.1610914,386.6711062,174.8833329,0,USD,1.10675,"Tillman, Hamill and Ankunding",Air,Uncertain Ascomycota Family,#947,2,Antidorc,964988,RZS,America_2,NA
104,4185,America,400,USA,Airplane,07-06-2016,559.4641529,1.366247802,594.4348341,416.0793312,373.3489961,352.2739593,0,USD,1.10675,"Tillman, Hamill and Ankunding",Air,Uncertain Ascomycota Family,#947,2,Antidorc,964988,RZS,America_2,NA
105,4185,America,400,USA,Airplane,13-01-2016,173.816584,0.731644505,131.661096,435.5448354,397.0171654,176.0095964,0,USD,1.10675,"Tillman, Hamill and Ankunding",Air,Uncertain Ascomycota Family,#947,2,Fregata ,511230,RZS,America_2,NA
106,4185,America,400,USA,Airplane,15-02-2016,176.2695809,0.736894452,119.8475576,432.2249064,367.3817947,181.3903088,0,USD,1.10675,"Tillman, Hamill and Ankunding",Air,Uncertain Ascomycota Family,#947,2,Fregata ,511230,RZS,America_2,NA
107,4185,America,400,USA,Airplane,14-03-2016,182.4339703,0.706074303,131.7591974,443.7194529,357.5640081,179.5445371,0,USD,1.10675,"Tillman, Hamill and Ankunding",Air,Uncertain Ascomycota Family,#947,2,Fregata ,511230,RZS,America_2,NA
108,4185,America,400,USA,Airplane,05-04-2016,176.6373849,0.728107957,166.0990472,433.7869881,358.8687459,162.8516177,0,USD,1.10675,"Tillman, Hamill and Ankunding",Air,Uncertain Ascomycota Family,#947,2,Fregata ,511230,RZS,America_2,NA
109,4185,America,400,USA,Airplane,20-01-2016,151.6581037,0.687578426,121.2688195,389.5129792,305.1277681,166.3001325,0,USD,1.10675,"Tillman, Hamill and Ankunding",Air,Uncertain Ascomycota Family,#947,2,Boa cani,116606,RZS,America_2,0.197286412
110,4185,America,400,USA,Airplane,05-01-2016,547.0268852,1.378395509,427.4006786,381.4611533,318.6033612,321.79587,0,USD,1.10675,"Tillman, Hamill and Ankunding",Air,Uncertain Ascomycota Family,#947,2,Boa cani,116606,RZS,America_2,0.197286412
111,4185,America,400,USA,Airplane,10-02-2016,336.6307557,1.434481699,243.2262742,377.5957461,328.0046115,334.6760594,0,USD,1.10675,"Tillman, Hamill and Ankunding",Air,Uncertain Ascomycota Family,#947,2,Boa cani,116606,RZS,America_2,0.197286412
112,4185,America,400,USA,Airplane,09-03-2016,335.4312791,1.513631556,226.2601619,378.2884391,334.5165904,313.4321436,0,USD,1.10675,"Tillman, Hamill and Ankunding",Air,Uncertain Ascomycota Family,#947,2,Boa cani,116606,RZS,America_2,0.197286412
113,4185,America,400,USA,Airplane,04-05-2016,306.1180601,1.403928918,218.2096091,399.3139392,316.2228301,324.1075312,0,USD,1.10675,"Tillman, Hamill and Ankunding",Air,Uncertain Ascomycota Family,#947,2,Boa cani,116606,RZS,America_2,0.197286412
114,4185,America,400,USA,Airplane,08-06-2016,624.9943152,3.058870191,655.0206375,387.6313567,313.4860353,637.3659319,0,USD,1.10675,"Tillman, Hamill and Ankunding",Air,Uncertain Ascomycota Family,#947,2,Boa cani,116606,RZS,America_2,0.197286412
115,4185,America,400,USA,Airplane,13-01-2016,182.3235577,0.733698759,128.6346219,400.8848258,340.7728392,175.2988531,0,USD,1.10675,"Tillman, Hamill and Ankunding",Air,Uncertain Ascomycota Family,#947,2,Cercatet,901499,RZS,America_2,NA
116,4185,America,400,USA,Airplane,15-02-2016,162.3313112,0.705371867,119.5311376,367.958379,331.8932056,167.3373182,0,USD,1.10675,"Tillman, Hamill and Ankunding",Air,Uncertain Ascomycota Family,#947,2,Cercatet,901499,RZS,America_2,NA
117,4185,America,400,USA,Airplane,14-03-2016,181.2557289,0.697329788,134.2545463,365.7744513,313.9198172,172.8816178,0,USD,1.10675,"Tillman, Hamill and Ankunding",Air,Uncertain Ascomycota Family,#947,2,Cercatet,901499,RZS,America_2,NA
118,4185,America,400,USA,Airplane,05-04-2016,354.3200312,1.383934455,356.3126687,408.4708334,315.4057601,364.344633,0,USD,1.10675,"Tillman, Hamill and Ankunding",Air,Uncertain Ascomycota Family,#947,2,Cercatet,901499,RZS,America_2,NA
119,4185,America,400,USA,Airplane,10-05-2016,165.8439165,0.695431795,122.7746853,382.0264261,340.6686721,180.568457,0,USD,1.10675,"Tillman, Hamill and Ankunding",Air,Uncertain Ascomycota Family,#947,2,Cercatet,901499,RZS,America_2,NA
120,4185,America,400,USA,Airplane,07-06-2016,359.2291266,1.413288454,361.3007438,404.4533933,320.4489787,358.3093381,0,USD,1.10675,"Tillman, Hamill and Ankunding",Air,Uncertain Ascomycota Family,#947,2,Cercatet,901499,RZS,America_2,NA
121,4185,America,400,USA,Airplane,21-07-2016,340.1250406,1.428352477,240.2629191,397.1068671,324.9407766,360.4648864,0,USD,1.10675,"Tillman, Hamill and Ankunding",Air,Uncertain Ascomycota Family,#947,2,Cercatet,901499,RZS,America_2,NA
122,4185,America,400,USA,Airplane,13-01-2016,169.9772359,0.704604586,120.4380365,416.950143,369.9935396,171.7235526,0,USD,1.10675,"Tillman, Hamill and Ankunding",Air,Uncertain Ascomycota Family,#947,2,Columba ,769214,RZS,America_2,NA
123,4185,America,400,USA,Airplane,15-02-2016,171.6969851,0.66022629,130.6427516,410.7991815,350.2560889,179.0758247,0,USD,1.10675,"Tillman, Hamill and Ankunding",Air,Uncertain Ascomycota Family,#947,2,Columba ,769214,RZS,America_2,NA
124,4185,America,400,USA,Airplane,14-03-2016,174.0896353,0.678253509,133.9008546,430.3749441,379.8014175,161.9565145,0,USD,1.10675,"Tillman, Hamill and Ankunding",Air,Uncertain Ascomycota Family,#947,2,Columba ,769214,RZS,America_2,NA
125,4185,America,400,USA,Airplane,05-04-2016,169.1090101,0.649747487,171.7849253,420.9822789,378.6177162,181.2048457,0,USD,1.10675,"Tillman, Hamill and Ankunding",Air,Uncertain Ascomycota Family,#947,2,Columba ,769214,RZS,America_2,NA
126,4185,America,400,USA,Airplane,10-05-2016,162.1332163,0.671476129,129.4060851,397.2366014,356.7192009,178.4466133,0,USD,1.10675,"Tillman, Hamill and Ankunding",Air,Uncertain Ascomycota Family,#947,2,Columba ,769214,RZS,America_2,NA
127,4185,America,400,USA,Airplane,07-06-2016,365.9004275,1.344831546,326.1756504,404.4083895,342.1187335,353.9801199,0,USD,1.10675,"Tillman, Hamill and Ankunding",Air,Uncertain Ascomycota Family,#947,2,Columba ,769214,RZS,America_2,NA
128,4185,America,400,USA,Airplane,21-07-2016,364.283958,1.403042642,255.5226536,394.6944021,371.9086723,343.9794245,0,USD,1.10675,"Tillman, Hamill and Ankunding",Air,Uncertain Ascomycota Family,#947,2,Columba ,769214,RZS,America_2,NA
129,4185,America,400,USA,Airplane,13-01-2016,173.4003597,0.687207257,121.6185437,398.6906874,336.7942528,180.4756012,0,USD,1.10675,"Tillman, Hamill and Ankunding",Air,Uncertain Ascomycota Family,#947,2,Aegypius,470088,RZS,America_2,NA
130,4185,America,400,USA,Airplane,15-02-2016,163.7156804,0.6954484,120.8654844,381.2589109,340.1841366,182.4462513,0,USD,1.10675,"Tillman, Hamill and Ankunding",Air,Uncertain Ascomycota Family,#947,2,Aegypius,470088,RZS,America_2,NA
131,4185,America,400,USA,Airplane,14-03-2016,166.6437406,0.68316125,134.2170023,380.6241928,349.4720562,172.0910755,0,USD,1.10675,"Tillman, Hamill and Ankunding",Air,Uncertain Ascomycota Family,#947,2,Aegypius,470088,RZS,America_2,NA
132,4185,America,400,USA,Airplane,05-04-2016,180.0430633,0.703025758,173.1631462,362.7622528,330.177945,182.8141327,0,USD,1.10675,"Tillman, Hamill and Ankunding",Air,Uncertain Ascomycota Family,#947,2,Aegypius,470088,RZS,America_2,NA
133,4185,America,400,USA,Airplane,10-05-2016,177.4191951,0.727305689,121.7203466,377.9802154,352.6859345,174.0460271,0,USD,1.10675,"Tillman, Hamill and Ankunding",Air,Uncertain Ascomycota Family,#947,2,Aegypius,470088,RZS,America_2,NA
134,4185,America,400,USA,Airplane,07-06-2016,344.4602339,1.529260595,342.4407645,401.5856625,319.357693,327.6647946,0,USD,1.10675,"Tillman, Hamill and Ankunding",Air,Uncertain Ascomycota Family,#947,2,Aegypius,470088,RZS,America_2,NA
135,4185,America,400,USA,Airplane,21-07-2016,348.018361,1.442533445,240.5969801,400.0763899,326.7837129,323.5537376,0,USD,1.10675,"Tillman, Hamill and Ankunding",Air,Uncertain Ascomycota Family,#947,2,Aegypius,470088,RZS,America_2,NA
136,4185,America,400,USA,Airplane,13-01-2016,161.8685254,0.743050566,130.7444454,361.4797121,347.2665476,176.0182836,0,USD,1.10675,"Tillman, Hamill and Ankunding",Air,Uncertain Ascomycota Family,#947,2,Haliaeet,668616,RZS,America_2,0.43116203
137,4185,America,400,USA,Airplane,15-02-2016,171.6877891,0.704732622,128.8612166,405.0571233,330.1292218,171.7464478,0,USD,1.10675,"Tillman, Hamill and Ankunding",Air,Uncertain Ascomycota Family,#947,2,Haliaeet,668616,RZS,America_2,0.43116203
138,4185,America,400,USA,Airplane,14-03-2016,162.4329052,0.727566916,132.176828,374.3657378,323.6731989,163.4893461,0,USD,1.10675,"Tillman, Hamill and Ankunding",Air,Uncertain Ascomycota Family,#947,2,Haliaeet,668616,RZS,America_2,0.43116203
139,4185,America,400,USA,Airplane,05-04-2016,171.4944935,0.734001408,166.8279277,402.8337969,347.6737861,169.3441733,0,USD,1.10675,"Tillman, Hamill and Ankunding",Air,Uncertain Ascomycota Family,#947,2,Haliaeet,668616,RZS,America_2,0.43116203
140,4185,America,400,USA,Airplane,13-01-2016,175.0875673,0.72639568,123.7462316,404.151851,327.996082,166.3623676,0,USD,1.10675,"Tillman, Hamill and Ankunding",Air,Uncertain Ascomycota Family,#947,2,Callipep,451127,RZS,America_2,NA
141,4185,America,400,USA,Airplane,10-05-2016,176.0190967,0.739870536,129.1128279,402.3066209,316.8137297,164.642339,0,USD,1.10675,"Tillman, Hamill and Ankunding",Air,Uncertain Ascomycota Family,#947,2,Callipep,451127,RZS,America_2,NA
142,4185,America,400,USA,Airplane,07-06-2016,326.7887573,1.515097147,344.406938,384.7700521,315.2752264,329.5864973,0,USD,1.10675,"Tillman, Hamill and Ankunding",Air,Uncertain Ascomycota Family,#947,2,Callipep,451127,RZS,America_2,NA
143,4185,America,400,USA,Airplane,20-01-2016,165.9727786,0.736662842,136.0321461,352.2236748,321.4721741,167.927734,0,USD,1.10675,"Tillman, Hamill and Ankunding",Air,Uncertain Ascomycota Family,#947,2,Aegypius.1,784550,RZS,America_2,0.197286412
144,4185,America,400,USA,Airplane,08-02-2016,402.6820353,0.680902062,345.485914,360.9018245,335.3757807,162.3339543,0,USD,1.10675,"Tillman, Hamill and Ankunding",Air,Uncertain Ascomycota Family,#947,2,Aegypius.1,784550,RZS,America_2,0.197286412
145,4185,America,400,USA,Airplane,24-02-2016,165.5004276,0.6939412,128.5144254,352.3359507,325.0028549,169.6732413,0,USD,1.10675,"Tillman, Hamill and Ankunding",Air,Uncertain Ascomycota Family,#947,2,Aegypius.1,784550,RZS,America_2,0.197286412
146,4185,America,400,USA,Airplane,05-01-2016,332.2814796,1.455142346,245.2325674,358.5215822,299.014693,329.044111,0,USD,1.10675,"Tillman, Hamill and Ankunding",Air,Uncertain Ascomycota Family,#947,2,Aegypius.1,784550,RZS,America_2,0.197286412
147,4185,America,400,USA,Airplane,10-02-2016,341.2262304,1.461435206,241.1003437,380.2002829,332.0940167,335.1203996,0,USD,1.10675,"Tillman, Hamill and Ankunding",Air,Uncertain Ascomycota Family,#947,2,Aegypius.1,784550,RZS,America_2,0.197286412
148,4185,America,400,USA,Airplane,09-03-2016,304.6007118,1.428182426,228.7855906,350.1176672,325.0968245,334.2297559,0,USD,1.10675,"Tillman, Hamill and Ankunding",Air,Uncertain Ascomycota Family,#947,2,Aegypius.1,784550,RZS,America_2,0.197286412
149,4185,America,400,USA,Airplane,04-05-2016,303.6414197,1.386783397,221.2793856,350.4017784,331.2943191,306.5094435,0,USD,1.10675,"Tillman, Hamill and Ankunding",Air,Uncertain Ascomycota Family,#947,2,Aegypius.1,784550,RZS,America_2,0.197286412
150,4185,America,400,USA,Airplane,08-06-2016,621.7770919,3.044268068,610.9712978,374.7811314,306.94591,669.9995163,0,USD,1.10675,"Tillman, Hamill and Ankunding",Air,Uncertain Ascomycota Family,#947,2,Aegypius.1,784550,RZS,America_2,0.197286412
151,4185,America,400,USA,Airplane,13-01-2016,172.3975377,0.644498756,129.880783,458.5042794,390.8771967,179.8536089,0,USD,1.10675,"Tillman, Hamill and Ankunding",Air,Uncertain Ascomycota Family,#947,2,Ursus ma,645765,RZS,America_2,NA
152,4185,America,400,USA,Airplane,15-02-2016,181.4707084,0.619867815,133.0083037,435.1046756,391.9280179,167.432368,0,USD,1.10675,"Tillman, Hamill and Ankunding",Air,Uncertain Ascomycota Family,#947,2,Ursus ma,645765,RZS,America_2,NA
153,4185,America,400,USA,Airplane,14-03-2016,164.5006188,0.661636668,120.0476917,432.4827358,376.9452538,174.9046047,0,USD,1.10675,"Tillman, Hamill and Ankunding",Air,Uncertain Ascomycota Family,#947,2,Ursus ma,645765,RZS,America_2,NA
154,4185,America,400,USA,Airplane,05-04-2016,165.1637744,0.668034525,165.6965641,410.6291512,357.4324773,173.7263055,0,USD,1.10675,"Tillman, Hamill and Ankunding",Air,Uncertain Ascomycota Family,#947,2,Ursus ma,645765,RZS,America_2,NA
155,4185,America,400,USA,Airplane,10-05-2016,174.5843272,0.673358471,126.0933577,409.6036567,359.8155806,181.4160811,0,USD,1.10675,"Tillman, Hamill and Ankunding",Air,Uncertain Ascomycota Family,#947,2,Ursus ma,645765,RZS,America_2,NA
156,4185,America,400,USA,Airplane,07-06-2016,358.1814409,1.324418001,364.8244099,442.2521581,363.58306,327.1564073,0,USD,1.10675,"Tillman, Hamill and Ankunding",Air,Uncertain Ascomycota Family,#947,2,Ursus ma,645765,RZS,America_2,NA
157,4185,America,400,USA,Airplane,21-07-2016,487.5371375,1.242108529,396.7626737,417.0822718,369.5505703,350.9856201,0,USD,1.10675,"Tillman, Hamill and Ankunding",Air,Uncertain Ascomycota Family,#947,2,Ursus ma,645765,RZS,America_2,NA
158,4185,America,400,USA,Airplane,13-01-2016,178.4920304,0.642659974,133.3514478,419.8718006,359.6916978,163.7690363,0,USD,1.10675,"Tillman, Hamill and Ankunding",Air,Uncertain Ascomycota Family,#947,2,Grus rub,359981,RZS,America_2,NA
159,4185,America,400,USA,Airplane,15-02-2016,161.9296334,0.647543017,123.5543417,421.2104437,389.7208327,175.2756586,0,USD,1.10675,"Tillman, Hamill and Ankunding",Air,Uncertain Ascomycota Family,#947,2,Grus rub,359981,RZS,America_2,NA
160,4185,America,400,USA,Airplane,14-03-2016,176.5540123,0.636562285,127.297727,421.9567599,384.7197835,173.6869279,0,USD,1.10675,"Tillman, Hamill and Ankunding",Air,Uncertain Ascomycota Family,#947,2,Grus rub,359981,RZS,America_2,NA
161,4185,America,400,USA,Airplane,05-04-2016,358.1476907,1.282336419,354.6682598,416.91655,382.1391746,364.7487558,0,USD,1.10675,"Tillman, Hamill and Ankunding",Air,Uncertain Ascomycota Family,#947,2,Grus rub,359981,RZS,America_2,NA
162,4185,America,400,USA,Airplane,10-05-2016,173.7610637,0.661788238,128.4549403,422.4475029,382.6064354,165.4258544,0,USD,1.10675,"Tillman, Hamill and Ankunding",Air,Uncertain Ascomycota Family,#947,2,Grus rub,359981,RZS,America_2,NA
163,4185,America,400,USA,Airplane,07-06-2016,343.7172685,1.298164473,345.8677193,450.935249,388.6060893,365.3128664,0,USD,1.10675,"Tillman, Hamill and Ankunding",Air,Uncertain Ascomycota Family,#947,2,Grus rub,359981,RZS,America_2,NA
164,4185,America,400,USA,Airplane,21-07-2016,329.9905337,1.287776376,256.7094428,441.123698,378.8317927,325.8642404,0,USD,1.10675,"Tillman, Hamill and Ankunding",Air,Uncertain Ascomycota Family,#947,2,Grus rub,359981,RZS,America_2,NA
165,4185,America,400,USA,Airplane,13-01-2016,163.4422222,0.610749557,132.7730933,418.6498749,371.7801575,176.8410433,0,USD,1.10675,"Tillman, Hamill and Ankunding",Air,Uncertain Ascomycota Family,#947,2,Lybius t,796300,RZS,America_2,NA
166,4185,America,400,USA,Airplane,15-02-2016,330.0470553,1.347877454,246.4821534,409.6324282,357.2219165,338.5992459,0,USD,1.10675,"Tillman, Hamill and Ankunding",Air,Uncertain Ascomycota Family,#947,2,Lybius t,796300,RZS,America_2,NA
167,4185,America,400,USA,Airplane,14-03-2016,162.0956239,0.665109395,133.8824549,429.6547809,362.4127262,172.298318,0,USD,1.10675,"Tillman, Hamill and Ankunding",Air,Uncertain Ascomycota Family,#947,2,Lybius t,796300,RZS,America_2,NA
168,4185,America,400,USA,Airplane,05-04-2016,176.8025804,0.66600576,166.0625482,439.1221149,380.7444796,161.9254965,0,USD,1.10675,"Tillman, Hamill and Ankunding",Air,Uncertain Ascomycota Family,#947,2,Lybius t,796300,RZS,America_2,NA
169,4185,America,400,USA,Airplane,10-05-2016,177.9092875,0.670503344,127.2264247,436.2463196,385.365707,165.9177783,0,USD,1.10675,"Tillman, Hamill and Ankunding",Air,Uncertain Ascomycota Family,#947,2,Lybius t,796300,RZS,America_2,NA
170,4185,America,400,USA,Airplane,07-06-2016,359.9731537,1.207614509,333.8734404,435.839195,394.189668,324.1991509,0,USD,1.10675,"Tillman, Hamill and Ankunding",Air,Uncertain Ascomycota Family,#947,2,Lybius t,796300,RZS,America_2,NA
171,4185,America,400,USA,Airplane,13-01-2016,170.9369567,0.650981505,127.1102688,428.1184217,370.7633227,169.1594211,0,USD,1.10675,"Tillman, Hamill and Ankunding",Air,Uncertain Ascomycota Family,#947,2,Mabuya s,237069,RZS,America_2,NA
172,4185,America,400,USA,Airplane,15-02-2016,341.006901,1.290844713,238.1665857,453.6698874,387.5880368,333.8556165,0,USD,1.10675,"Tillman, Hamill and Ankunding",Air,Uncertain Ascomycota Family,#947,2,Mabuya s,237069,RZS,America_2,NA
173,4185,America,400,USA,Airplane,05-04-2016,348.2650948,1.284019108,347.9256912,426.4516324,390.3931534,360.6970834,0,USD,1.10675,"Tillman, Hamill and Ankunding",Air,Uncertain Ascomycota Family,#947,2,Mabuya s,237069,RZS,America_2,NA
174,4185,America,400,USA,Airplane,10-05-2016,179.2865018,0.600098845,119.5272936,454.6804766,365.0177012,161.5906006,0,USD,1.10675,"Tillman, Hamill and Ankunding",Air,Uncertain Ascomycota Family,#947,2,Mabuya s,237069,RZS,America_2,NA
175,4185,America,400,USA,Airplane,07-06-2016,357.2020928,1.346940913,324.558091,437.8731843,350.67973,363.1997704,0,USD,1.10675,"Tillman, Hamill and Ankunding",Air,Uncertain Ascomycota Family,#947,2,Mabuya s,237069,RZS,America_2,NA
176,4185,America,400,USA,Airplane,10-02-2016,316.0200408,1.350471923,212.9118924,379.9575956,334.3405412,318.0660161,0,USD,1.10675,"Tillman, Hamill and Ankunding",Air,Uncertain Ascomycota Family,#947,2,Coluber ,335890,RZS,America_2,0.364875853
177,4185,America,400,USA,Airplane,15-02-2016,478.1438086,2.014742569,266.4722557,366.7678486,359.9321527,474.6649255,0,USD,1.10675,"Tillman, Hamill and Ankunding",Air,Uncertain Ascomycota Family,#947,2,Coluber ,295482,RZS,America_2,0.364875853
178,4185,America,400,USA,Airplane,05-01-2016,329.2189318,1.394049258,198.2532938,369.2118418,383.7507007,332.1340062,0,USD,1.10675,"Tillman, Hamill and Ankunding",Air,Uncertain Ascomycota Family,#947,2,Bubo sp.,989843,RZS,America_2,0.101847745
179,4185,America,400,USA,Airplane,10-02-2016,321.3713296,1.485204909,193.9533992,339.6297031,398.5207417,334.174779,0,USD,1.10675,"Tillman, Hamill and Ankunding",Air,Uncertain Ascomycota Family,#947,2,Bubo sp.,989843,RZS,America_2,0.101847745
180,4185,America,400,USA,Airplane,30-03-2016,327.3211637,1.374999412,208.4506953,365.5357564,373.0846822,309.0084926,0,USD,1.10675,"Tillman, Hamill and Ankunding",Air,Uncertain Ascomycota Family,#947,2,Bubo sp.,989843,RZS,America_2,0.101847745
181,4185,America,400,USA,Airplane,04-05-2016,314.5085918,1.435970254,201.9014101,340.345134,362.0165508,336.6024046,0,USD,1.10675,"Tillman, Hamill and Ankunding",Air,Uncertain Ascomycota Family,#947,2,Bubo sp.,989843,RZS,America_2,0.101847745
182,4185,America,400,USA,Airplane,08-06-2016,331.8360095,1.398388459,177.1399763,357.0702311,378.0847029,339.7462161,0,USD,1.10675,"Tillman, Hamill and Ankunding",Air,Uncertain Ascomycota Family,#947,2,Bubo sp.,989843,RZS,America_2,0.101847745
183,4185,America,400,USA,Airplane,10-02-2016,340.1367887,1.449735646,191.9014485,364.3860219,365.0556449,322.7374786,0,USD,1.10675,"Tillman, Hamill and Ankunding",Air,Uncertain Ascomycota Family,#947,2,Colobus ,771661,RZS,America_2,NA
184,4185,America,400,USA,Airplane,05-01-2016,330.1040565,1.443500171,217.8385993,375.6267335,357.6531887,319.9546478,0,USD,1.10675,"Tillman, Hamill and Ankunding",Air,Uncertain Ascomycota Family,#947,2,Bubo sp.,846418,RZS,America_2,0.101847745
185,4185,America,400,USA,Airplane,10-02-2016,310.3582569,1.524398322,213.3776666,349.6236775,366.7862476,335.3326935,0,USD,1.10675,"Tillman, Hamill and Ankunding",Air,Uncertain Ascomycota Family,#947,2,Bubo sp.,846418,RZS,America_2,0.101847745
186,4185,America,400,USA,Airplane,30-03-2016,316.904952,1.48998024,214.5059602,365.5032885,367.0471345,338.0291443,0,USD,1.10675,"Tillman, Hamill and Ankunding",Air,Uncertain Ascomycota Family,#947,2,Bubo sp.,846418,RZS,America_2,0.101847745
187,4185,America,400,USA,Airplane,04-05-2016,307.8377187,1.507439137,210.3400734,341.0033045,363.4332691,330.9867053,0,USD,1.10675,"Tillman, Hamill and Ankunding",Air,Uncertain Ascomycota Family,#947,2,Bubo sp.,846418,RZS,America_2,0.101847745
188,4185,America,400,USA,Airplane,08-06-2016,307.2157329,1.493229555,179.6739088,358.8859252,378.8809307,324.7801174,0,USD,1.10675,"Tillman, Hamill and Ankunding",Air,Uncertain Ascomycota Family,#947,2,Bubo sp.,846418,RZS,America_2,0.101847745
189,4185,America,400,USA,Airplane,20-06-2016,1625.561324,53.40834196,304.305091,43.62495845,39.28197243,1529.820384,0,USD,1.10675,"Tillman, Hamill and Ankunding",Air,Pottiaceae,#947,3,Tiliqua ,632495,RZS,America_2,0.369195998
190,4185,America,400,USA,Airplane,10-02-2016,336.696512,1.490371572,191.7074806,369.002528,392.3585271,326.1246622,0,USD,1.10675,"Tillman, Hamill and Ankunding",Air,Uncertain Ascomycota Family,#947,2,Bubo sp.,609333,RZS,America_2,0.101847745
191,4185,America,400,USA,Airplane,09-03-2016,342.9380968,1.435558806,208.4082824,369.9052087,396.4213482,311.8465942,0,USD,1.10675,"Tillman, Hamill and Ankunding",Air,Uncertain Ascomycota Family,#947,2,Bubo sp.,609333,RZS,America_2,0.101847745
192,4185,America,400,USA,Airplane,30-03-2016,320.5014874,1.471430361,201.4109606,365.3915297,361.4116851,329.5025265,0,USD,1.10675,"Tillman, Hamill and Ankunding",Air,Uncertain Ascomycota Family,#947,2,Bubo sp.,609333,RZS,America_2,0.101847745
193,4185,America,400,USA,Airplane,19-07-2016,311.0295574,1.413616466,187.5035822,360.6076908,391.9558938,316.9353563,0,USD,1.10675,"Tillman, Hamill and Ankunding",Air,Uncertain Ascomycota Family,#947,2,Bubo sp.,609333,RZS,America_2,0.101847745
194,4185,America,400,USA,Airplane,24-05-2016,341.7711312,1.459119086,198.8320101,355.2807243,387.5679097,340.5873356,0,USD,1.10675,"Tillman, Hamill and Ankunding",Air,Uncertain Ascomycota Family,#947,2,Bubo sp.,609333,RZS,America_2,0.101847745
195,4185,America,400,USA,Airplane,08-06-2016,329.5164316,1.454948052,186.1661461,376.2141438,386.1394783,308.7389874,0,USD,1.10675,"Tillman, Hamill and Ankunding",Air,Uncertain Ascomycota Family,#947,2,Bubo sp.,609333,RZS,America_2,0.101847745
196,4185,America,400,USA,Airplane,05-01-2016,846.7039291,6.922354097,767.9619395,214.4650504,180.5657157,875.2907676,0,USD,1.10675,"Tillman, Hamill and Ankunding",Air,Pottiaceae,#947,4,Larus fu,191060,RZS,America_2,0.068206623
197,4185,America,400,USA,Airplane,09-03-2016,827.2842496,6.938179543,810.3377927,198.6121255,183.4606307,869.3945186,0,USD,1.10675,"Tillman, Hamill and Ankunding",Air,Pottiaceae,#947,4,Larus fu,191060,RZS,America_2,0.068206623
198,4185,America,400,USA,Airplane,30-03-2016,879.4548294,7.079565324,748.1478518,201.1922318,187.5120903,844.1051962,0,USD,1.10675,"Tillman, Hamill and Ankunding",Air,Pottiaceae,#947,4,Larus fu,191060,RZS,America_2,0.068206623
199,4185,America,400,USA,Airplane,17-05-2016,827.3850499,6.923975474,733.3788074,195.9608143,174.9273258,854.4633639,0,USD,1.10675,"Tillman, Hamill and Ankunding",Air,Pottiaceae,#947,4,Larus fu,191060,RZS,America_2,0.068206623
200,4185,America,400,USA,Airplane,19-07-2016,899.9413715,6.962395149,728.5916824,200.17501,186.3968318,889.2139875,0,USD,1.10675,"Tillman, Hamill and Ankunding",Air,Pottiaceae,#947,4,Larus fu,191060,RZS,America_2,0.068206623
201,4185,America,400,USA,Airplane,22-06-2016,854.4650022,6.353441552,755.5542461,196.5659646,177.7988489,847.3607752,0,USD,1.10675,"Tillman, Hamill and Ankunding",Air,Pottiaceae,#947,4,Larus fu,191060,RZS,America_2,0.068206623
202,4185,America,400,USA,Airplane,15-02-2016,478.0528426,1.580665466,304.9058338,452.6648899,464.1395178,429.6043497,0,USD,1.10675,"Tillman, Hamill and Ankunding",Air,Uncertain Ascomycota Family,#947,2,Bubo sp.,254756,RZS,America_2,0.101847745
203,4185,America,400,USA,Airplane,05-01-2016,1019.237503,3.279439162,577.705266,449.5883762,438.9007354,958.5996406,0,USD,1.10675,"Tillman, Hamill and Ankunding",Air,Uncertain Ascomycota Family,#947,2,unavaila,865780,RZS,America_2,NA
204,4185,America,400,USA,Airplane,04-02-2016,2088.774549,6.732126364,1163.691867,450.8458847,459.7664733,1985.33744,0,USD,1.10675,"Tillman, Hamill and Ankunding",Air,Uncertain Ascomycota Family,#947,2,unavaila,865780,RZS,America_2,NA
205,4185,America,400,USA,Airplane,10-02-2016,1263.018397,4.263016947,759.6679423,461.4761305,456.0315965,1221.621416,0,USD,1.10675,"Tillman, Hamill and Ankunding",Air,Uncertain Ascomycota Family,#947,2,unavaila,865780,RZS,America_2,NA
206,4185,America,400,USA,Airplane,30-03-2016,2029.76599,6.867146899,1098.443892,485.5559285,459.40108,1881.704366,0,USD,1.10675,"Tillman, Hamill and Ankunding",Air,Uncertain Ascomycota Family,#947,2,unavaila,865780,RZS,America_2,NA
207,4185,America,400,USA,Airplane,04-05-2016,1675.857467,5.434979734,1014.032309,440.5705947,433.3706014,1634.217061,0,USD,1.10675,"Tillman, Hamill and Ankunding",Air,Uncertain Ascomycota Family,#947,2,unavaila,865780,RZS,America_2,NA
208,4185,America,400,USA,Airplane,25-05-2016,1997.259346,6.777870605,1219.861625,472.3483434,455.7240495,1867.029319,0,USD,1.10675,"Tillman, Hamill and Ankunding",Air,Uncertain Ascomycota Family,#947,2,unavaila,865780,RZS,America_2,NA
209,4185,America,400,USA,Airplane,08-06-2016,2446.225214,8.482746153,1289.471084,485.2777708,430.818585,2582.563583,0,USD,1.10675,"Tillman, Hamill and Ankunding",Air,Uncertain Ascomycota Family,#947,2,unavaila,865780,RZS,America_2,NA
210,4185,America,400,USA,Airplane,10-02-2016,539.3016913,1.06494429,429.4221237,443.5154525,485.9648683,305.6752909,0,USD,1.10675,"Tillman, Hamill and Ankunding",Air,Uncertain Ascomycota Family,#947,2,Bubo sp.,866899,RZS,America_2,0.101847745
211,4185,America,400,USA,Airplane,09-03-2016,534.0512181,1.110720948,448.0643777,442.6839244,507.7877225,337.0557679,0,USD,1.10675,"Tillman, Hamill and Ankunding",Air,Uncertain Ascomycota Family,#947,2,Bubo sp.,866899,RZS,America_2,0.101847745
212,4185,America,400,USA,Airplane,30-03-2016,565.0293494,1.12688323,432.8279283,454.4718755,480.5373412,338.0272926,0,USD,1.10675,"Tillman, Hamill and Ankunding",Air,Uncertain Ascomycota Family,#947,2,Bubo sp.,866899,RZS,America_2,0.101847745
213,4185,America,400,USA,Airplane,04-05-2016,528.5337779,1.182154611,454.2811376,471.8121739,461.1947966,339.062541,0,USD,1.10675,"Tillman, Hamill and Ankunding",Air,Uncertain Ascomycota Family,#947,2,Bubo sp.,866899,RZS,America_2,0.101847745
214,4185,America,400,USA,Airplane,19-07-2016,533.5585816,1.147568649,418.9785184,443.0293563,505.0218346,314.0912103,0,USD,1.10675,"Tillman, Hamill and Ankunding",Air,Uncertain Ascomycota Family,#947,2,Bubo sp.,866899,RZS,America_2,0.101847745
215,4185,America,400,USA,Airplane,08-06-2016,537.9285507,1.107246988,420.3682435,487.6744715,464.4753929,334.4411846,0,USD,1.10675,"Tillman, Hamill and Ankunding",Air,Uncertain Ascomycota Family,#947,2,Bubo sp.,866899,RZS,America_2,0.101847745
216,4185,America,400,USA,Rotorcraft,29-02-2016,-107.0166189,0,-105.9442964,118.2519701,89.75159093,0,0,USD,1.10675,"Tillman, Hamill and Ankunding",Air,Brassicaceae,#947,4,Tachyglo,397240,RZS,America_2,NA
217,4185,America,400,USA,Rotorcraft,21-01-2016,1404.271868,15.56639321,779.3767045,112.0458433,97.00254954,1246.441079,0,USD,1.10675,"Tillman, Hamill and Ankunding",Air,Brassicaceae,#947,4,Tachyglo,397240,RZS,America_2,NA
218,4185,America,400,USA,Rotorcraft,16-02-2016,2060.398137,23.35627206,1167.911293,124.925931,87.56434666,1829.04473,0,USD,1.10675,"Tillman, Hamill and Ankunding",Air,Brassicaceae,#947,4,Tachyglo,397240,RZS,America_2,NA
219,4187,America 2,400,USA,Trucks,02-03-2016,726.3989205,41.06595741,548.6536659,21.49299048,NA,526.9651209,0,USD,1.10675,Bogisich and Sons,Automotive,Leucodontaceae,#d06,5,Tyto nov,742702,RZS,America 2_1,0.457230568
220,4187,America 2,400,USA,Trucks,05-07-2016,10629.85856,809.7009851,7387.635213,21.58131246,17.96848321,11605.28454,0,USD,1.10675,Bogisich and Sons,Automotive,Leucodontaceae,#d06,5,Tyto nov,742702,RZS,America 2_1,0.457230568
221,4187,America 2,400,USA,Trucks,04-01-2016,11467.98947,790.3260683,6348.26159,21.4710688,NA,10547.32187,0,USD,1.10675,Bogisich and Sons,Automotive,Leucodontaceae,#d06,6,Nectarin,639945,RZS,America 2_1,NA
222,4187,America 2,400,USA,Trucks,13-04-2016,11336.89881,844.2235278,5883.845641,23.44742669,NA,10784.30294,0,USD,1.10675,Bogisich and Sons,Automotive,Leucodontaceae,#d06,6,Nectarin,639945,RZS,America 2_1,NA
223,4320,America,400,USA,Airplane,21-01-2016,168.6358854,0.763130934,115.907172,387.9021989,336.9932656,172.2429067,0,USD,1.10675,Hamill-Morar,Air,Uncertain Ascomycota Family,#881,2,Mungos m,714093,RZS,America_2,NA
224,4320,America,400,USA,Airplane,14-03-2016,175.9408863,0.690592041,118.3515221,359.7433734,335.9535546,156.4683166,0,USD,1.10675,Hamill-Morar,Air,Uncertain Ascomycota Family,#881,2,Mungos m,714093,RZS,America_2,NA
225,4320,America,400,USA,Airplane,06-04-2016,161.7440211,0.711074613,171.0023533,350.5999753,336.4072457,165.7931097,0,USD,1.10675,Hamill-Morar,Air,Uncertain Ascomycota Family,#881,2,Mungos m,714093,RZS,America_2,NA
226,4320,America,400,USA,Airplane,21-01-2016,169.8506976,0.690218666,117.5425015,383.8031101,342.9033302,163.5534435,0,USD,1.10675,Hamill-Morar,Air,Uncertain Ascomycota Family,#881,2,Vulpes c,832054,RZS,America_2,0.369195998
227,4320,America,400,USA,Airplane,10-02-2016,157.7269777,0.675122021,126.1480977,369.3161723,319.8213362,166.2465042,0,USD,1.10675,Hamill-Morar,Air,Uncertain Ascomycota Family,#881,2,Vulpes c,832054,RZS,America_2,0.369195998
228,4320,America,400,USA,Airplane,14-03-2016,157.6190155,0.70481408,116.8032525,392.8898168,331.4739791,164.4547526,0,USD,1.10675,Hamill-Morar,Air,Uncertain Ascomycota Family,#881,2,Vulpes c,832054,RZS,America_2,0.369195998
229,4320,America,400,USA,Airplane,06-04-2016,163.8445616,0.685448587,169.1951225,392.875507,323.9081207,160.2140443,0,USD,1.10675,Hamill-Morar,Air,Uncertain Ascomycota Family,#881,2,Vulpes c,832054,RZS,America_2,0.369195998
230,4320,America,400,USA,Airplane,25-04-2016,273.4911568,0.729992362,288.0119458,363.9859674,341.0909349,165.5212697,0,USD,1.10675,Hamill-Morar,Air,Uncertain Ascomycota Family,#881,2,Vulpes c,832054,RZS,America_2,0.369195998
231,4320,America,400,USA,Airplane,31-05-2016,335.2146949,1.499954771,251.6523155,378.4243789,330.3477654,323.4948209,0,USD,1.10675,Hamill-Morar,Air,Uncertain Ascomycota Family,#881,2,Vulpes c,832054,RZS,America_2,0.369195998
